school_year,# of As,# of Bs,# of Cs,# of Ds,# of Fs,Total Marks,total_letter_grades,A%,B%,C%,D%,F%
2018-2019-FALL,523006,383747,319368,157246,156838.0,1651223,1540205.0,33.95690833363091,24.915319713934185,20.73542158349051,10.209420174587148,10.182930194357246
2018-2019-SPRING,514350,369589,323984,155462,168655.0,1647272,1532040.0,33.57288321453748,24.123978486201406,21.147228531892118,10.147385185765383,11.008524581603615
2019-2020-FALL,527677,380665,313048,153262,146598.0,1621174,1521250.0,34.68706655710764,25.02317173377157,20.578340180772393,10.074741166803616,9.636680361544782
2020-2021-FALL,517985,270268,257781,236095,154518.0,1661071,1436647.0,36.05513393338795,18.812415297564396,17.943238666144154,16.433751645324147,10.75546045757935
2020-2021-SPRING,513067,255734,252567,214629,196787.0,1651893,1432784.0,35.8090961373103,17.84874761303867,17.627709410490347,14.979857396509175,13.73458944265151
