semester_id,a_count,b_count,c_count,d_count,f_count,a_percent,b_percent,c_percent,d_percent,f_percent
2018-2019-fall,523006,383747,319368,157246,156838.0,0.33956908333630914,0.24915319713934184,0.2073542158349051,0.10209420174587149,0.10182930194357245
2019-2020-fall,527677,380665,313048,153262,146598.0,0.34687066557107643,0.2502317173377157,0.20578340180772392,0.10074741166803615,0.09636680361544782
2020-2021-fall,517985,270268,257781,236095,154518.0,0.3605513393338795,0.18812415297564397,0.17943238666144154,0.16433751645324146,0.1075546045757935
