groupname,A-C%,A-C%
,2019,2020
americanindian/alaskanative,80.19120458891013,73.21243523316062
asian/filipino,93.23218339885929,89.96616047881116
black,75.97592166791537,71.7058845258764
hispanic,78.58032960933042,69.92362206973044
other,88.88036442100216,83.47402724881229
pacificislander,83.5032437442076,69.96610169491525
twoormore,83.51487222454963,77.56474103585657
white,88.75411089866157,84.96032652803933
