,americanindian/alaskanative,asian,black,englishlearners,filipino,fostercareyouth,hispanic,other,pacificislander,socioeconomicallydisadvantaged,twoormore,white
2019,80.19120458891013,93.93976493633691,75.97592166791537,70.08436014111152,92.01062834022765,65.78717836894899,78.58032960933042,88.88036442100216,83.5032437442076,79.07447296500882,83.51487222454963,88.75411089866157
2020,72.54593175853017,89.60450063972303,69.90377416045035,58.286520771389206,87.23867892407219,55.59785764986772,68.37438050711631,82.29085222830336,68.46499678869621,69.30004358483248,74.40594059405942,83.74742763612672
